{
"apiVersion": "V2",
"assemblies": [
{
  "files": [
    {
      "filePath": "data_summary.tsv",
      "fileType": "DATA_TABLE"
    },
    {
      "filePath": "assembly_data_report.jsonl",
      "fileType": "DATA_REPORT"
    }
  ]
},{
  "accession": "GCA_000005845.2",
  "files": [
    {
      "filePath": "GCA_000005845.2/GCA_000005845.2_ASM584v2_genomic.fna",
      "fileType": "GENOMIC_NUCLEOTIDE_FASTA"
    },
    {
      "filePath": "GCA_000005845.2/cds_from_genomic.fna",
      "fileType": "CDS_NUCLEOTIDE_FASTA"
    },
    {
      "filePath": "GCA_000005845.2/protein.faa",
      "fileType": "PROTEIN_FASTA"
    }
  ]
},{
  "accession": "GCF_000005845.2",
  "files": [
    {
      "filePath": "GCF_000005845.2/GCF_000005845.2_ASM584v2_genomic.fna",
      "fileType": "GENOMIC_NUCLEOTIDE_FASTA"
    },
    {
      "filePath": "GCF_000005845.2/cds_from_genomic.fna",
      "fileType": "CDS_NUCLEOTIDE_FASTA"
    },
    {
      "filePath": "GCF_000005845.2/protein.faa",
      "fileType": "PROTEIN_FASTA"
    }
  ]
}]}
